0,0,1,0,0.482221,0.999748,0.97674,0,1,1,0.072247,0.541271,1
0,0,1,0,0,0.003611,0.069295,0,1,1,0.110703,0.970608,0
0.006819,0,0.001122,0,1,1,0.076485,0,0.999968,1,0.056547,0.005254,1
0,0.000004,0.000003,0,0,0.838396,1,0,1,0.011822,0.999999,1,0
0,0,0,0,0.000007,1,1,0,0.000273,0,1,1,1
0,0.000388,0.97912,0,0.971087,0.000032,0.015327,0,1,1,0.879101,0.001907,0
0,0.000001,0.014301,0,0,0.9985,1,0,0.99998,0.000013,0.999999,1,1
0.998701,0,0.897231,0,1,1,1,0,0.604964,0.000079,0.999688,0.010288,0
0,0,0,0,0,1,1,1,0,0,1,1,1
0.008839,0.000004,0.001135,0,0.775115,0,0.000729,0,1,1,0.044706,0,1
0,0.977852,0.999992,0,0.000008,0,0.002219,0,1,1,0.995567,0.006174,0
0.000001,0,0.980792,0,1,0.994493,0.238573,0,1,1,0.96988,0.002672,1
0.000758,0.000171,0.900019,0,0.886402,0,0.995851,0,1,1,0.995348,0,0
0,0,0,0,0,1,1,1,0,0,1,1,1
0.000004,0,0,0,0.000451,1,1,0,0.03294,0,1,1,1
0.999627,0,0.587546,0,1,0.999999,1,0,0.494953,0.0003,0.999263,0.002931,1
0,0,0,0,0,0.999994,1,0,0.999601,0,1,1,1
0,0.180853,0.999564,0,0.031823,0.000001,0.038397,0,1,1,0.990299,0.000571,1
0,0,0.28691,0,0.000001,1,1,0,0.948171,0,1,1,0
0,0,0.000025,0,0,0.995356,1,0,0.999999,0.009339,0.999999,1,1
0,0,0,0,0,1,1,0,0.996947,0,1,1,0
0,0.99993,0.999993,0,0,0,0.987512,0,1,1,0.999931,0,0
0,0,0.70823,0,1,0.94874,0.204752,0,1,1,0.809828,0.002798,1
0,0,1,0,0.000041,0.999755,0.000014,0,1,1,0.023887,0.982937,1
0,0,0,0,0,0.971253,1,0,1,0.000156,1,1,1
0,0,0,0,0,0.999813,1,0,0.999992,0.000199,1,1,1
0.000001,0.00003,0.997491,0,0.999289,0.000055,0.988068,0,1,1,0.99728,0.000203,1
0,0.000003,0,0,0,0.9542,1,0,0.999234,0.000004,1,1,0
0.000009,0,0,0,0,0.917882,1,0,0.999996,0.7252,1,1,0
0,0.746215,0.999889,0,0.000073,0,0.028191,0,1,1,0.994018,0.000195,0
0,0.000035,1,0,0,0,0.999964,0,1,1,0.985154,0.000557,0
0,0,0,0,0,1,1,0,0.000075,0,1,1,1
0,0.000174,0.000888,0,0.000026,0.113303,1,0,1,0.943561,0.999914,1,0
0,0.973449,0.999313,0,0.000003,0,0.000004,0,1,1,0.855662,0.0002,0
0,0,1,0,0.000014,0.617025,0.049905,0,1,1,0.248161,0.031384,0
0,0,0,0,0,1,1,0.000001,0.024796,0,1,1,0
0,0.000163,0.998686,0,0.99886,0.005496,0.066681,0,1,1,0.991924,0.000143,0
0,0.000001,1,0,0,0.004401,0.359529,0,1,1,0.682192,0.161912,1
0,0,1,0,0,0.803133,0.017648,0,1,0.999999,0.121532,0.999968,1
0,0,0,0,0,0.989913,1,0,0.982999,0,1,1,1
0,0,0.000001,0,1,1,1,0,0.954399,0.994152,0.991776,1,0
0,0.028318,0.999929,0,0.222788,0,0.3023,0,1,1,0.998142,0.000603,0
0,0.000978,1,0,0,0,0.012737,0,1,1,0.655782,0.00011,0
0,0,0,0,0,0.68424,1,0,1,0,1,1,1
0.003078,0,0.085135,0,1,0.991901,0.963995,0,1,1,0.762402,0.000311,0
0,0,1,0,1,1,0.029306,0,0.999995,1,0.000246,1,1
0.000094,0,0.088613,0,1,0.996041,0.958254,0,1,1,0.490774,0.163587,0
0,0.000546,1,0,0,0.000146,0.000335,0,1,1,0.24752,0.992048,0
0,0,1,0,0,0.863566,0.13501,0,1,0.999997,0.790278,0.986027,1
1,0,0.000001,0,1,1,0.99977,0.001614,0,0.99864,0.032817,0.001282,0
0,0.000007,0,0,0.000001,0.012984,1,0,1,0.999718,0.999955,1,0
0.000001,0,0.044764,0,0.523695,0.988315,1,0,0.999987,0.996667,0.988689,1,0
0,0.000028,0.999941,0,0,0.009389,0.999237,0,1,0.999997,0.969612,0.999991,0
0,0,0,0,0,1,1,0,0.000289,0,1,1,1
0,0,0,0,0,1,1,0.052369,0,0,1,1,0
0,0.000781,0.999962,0,0.006665,0.001008,0.23239,0,1,0.999996,0.698756,0.577683,0
0,0,0,0,0,1,1,0.000003,0,0,1,1,1
0,0,0.999949,0,0,0.993335,1,0,1,0.000912,0.999999,1,0
0,0.000008,0.981737,0,0.997623,0,0.995714,0,1,1,0.986504,0.001688,0
0,0,0,0,0,1,1,0,0.999894,0,1,1,0
0.999999,0,0.000004,0,1,1,0.999859,0.012098,0.000001,0.996099,0.029752,0.012983,0
0.000003,0.00013,0.99472,0,0.997075,0.000164,0.842703,0,1,1,0.992668,0.000126,1
0,1,0.999994,0,0,0,0.95192,0,1,0.999989,0.999834,0.000008,0
0,0,0,0,0.081137,1,1,0,0.006655,0.000093,0.999997,1,0
0.000013,0.032869,0.998636,0,0.201046,0,0.99616,0,1,1,0.998741,0.000033,1
0,0.000001,1,0,0,0.014799,0.005296,0,1,1,0.269525,0.811933,0
0,0,1,0,0,0.000007,0.010962,0,1,1,0.087761,0.94544,1
0,0.999764,0.999992,0,0,0,0.999581,0,1,1,0.999934,0.000005,0
0,0.000001,0.016214,0,0.000908,0.025658,0.999998,0,1,0.999996,0.978005,1,0
0,0,0,0,0.000194,1,1,0,0.999997,0.992496,0.99997,1,0
0,0.000008,0.000004,0,0,0.253287,1,0,1,0.005189,1,1,1
0,0,0,0,0.00002,1,1,0,0.271653,0.000005,1,1,0
0,0.996993,1,0,0.000007,0,0.197714,0,1,1,0.999956,0.000006,1
0,0.000001,0,0,0,0.999994,1,0,0.890668,0,1,1,0
0,0.000069,1,0,0,0.000331,0.000205,0,1,1,0.172784,0.999181,0
0,1,1,0.050471,0,0,0.484107,0,1,0.992057,0.995342,0.495277,0
0,1,1,0,0,0,0.846645,0,1,1,0.99997,0.000002,0
0,0.000003,1,0,0,0.167699,0.004327,0,1,1,0.525859,0.99783,0
0.940229,0,0.343731,0,1,1,1,0,0.275697,0.000032,0.99744,0.945853,1
0,0,0.999999,0,0.824482,0.994406,0.001836,0,1,1,0.019198,0.987259,0
0.000047,0,0.99732,0,1,0.999997,0.402129,0,0.999952,0.999999,0.085426,0.894799,0
0.999998,0,0.000016,0,1,1,0.999926,0.017435,0.000007,0.989441,0.073379,0.006135,0
0,0.026115,0.734293,0,0,0.000022,1,0,1,0.937419,0.999998,1,0
0,0,1,0,0.02375,0.993434,0.000953,0,1,1,0.005367,0.999391,0
0,0.979898,1,0,0.000004,0,0.005493,0,1,1,0.999424,0.003231,1
0,0,0,0,0,0.998022,1,0,0.999997,0.000106,1,1,0
0,0,1,0,0,0.999796,0.105133,0,1,1,0.290863,0.968899,0
0,0.000008,0.41649,0,0,0.402534,1,0,1,0.075519,0.999996,1,0
0,0,0.000023,0,0,1,1,0,0.999999,0.000066,1,1,1
0,0,0.999999,0,0.232926,0.509537,0.003256,0,1,1,0.0591,0.977693,0
0.000003,0.006623,0.93542,0,0.698431,0.000023,0.061825,0,1,1,0.742968,0.035978,0
0,0.000009,0,0,0,0.665275,1,0,0.999974,0,1,1,0
0,0.118052,1,0,0,0.000002,1,0,1,0.458457,0.999997,1,0
0.044037,0.000003,0.111738,0,0.993321,0,0.999985,0,1,1,0.97585,0,1
0,0,0.000005,0,0.940431,0.999988,1,0,1,0.999999,0.984185,1,0
0,0,0,0,0,1,1,0,0.059988,0,1,1,0
0,0,1,0,0.000017,0.721737,0.023683,0,1,1,0.188828,0.998349,0
0,0.000016,0.000005,0,0,0.730389,1,0,0.999863,0.007578,0.999987,1,0
0,0,0.738,0,0,0.999999,1,0,0.999967,0.031648,0.999874,1,0
0,0,0,0,0,0.999995,1,0,0.999996,0,1,1,1
0,0,0.72114,0,1,0.422241,0.910604,0,1,1,0.823919,0.145318,1
0.000015,0,0.023631,0,1,0.999975,0.074054,0,0.999999,1,0.072632,0.654548,0
0,0.00002,0.88834,0,0.985581,0.000002,0,0,1,1,0.056548,0.183668,0
0,0.001816,0.978214,0,0,0.000042,0.999998,0,1,0.999954,0.997694,1,0
0,0.997045,0.999996,0,0.00001,0,0.894496,0,1,0.999972,0.999554,0.028958,0
0,0,0,0,0.00002,1,1,0,0.024922,0,1,1,0
0,0.999692,0.999898,0,0,0,0,0,1,1,0.489549,0.00181,0
0,0,0,0,0.000676,1,1,0,0.074885,0,1,1,0
0,0.000002,1,0,0,0.696133,0.99909,0,1,0.999059,0.949501,1,0
0,0.000392,0.999997,0,0,0.000025,0.999926,0,1,0.999995,0.99596,1,1
0,0,0,0,0.847368,1,1,0,0.365135,0.000706,0.999999,1,1
0,0,0,0,0,1,1,1,0,0,1,1,1
0,0,1,0,0,0.226238,0.999908,0,1,0.999988,0.939924,1,0
0,0.998989,0.999993,0,0.000004,0,0.516937,0,1,0.999982,0.999197,0.010115,0
0,0,0,0,0.003033,1,1,0,0.000028,0,1,1,1
0.000011,0.00014,0.853996,0,0.278744,0,0.999216,0,1,1,0.990299,0,1
0,0.002083,0.997602,0,0.802149,0.000001,0.883298,0,1,1,0.992965,0.000508,1
0.000001,0.948523,0.999963,0,0.003377,0.000002,0.980494,0,1,0.998045,0.999437,0.009498,0
0,0,1,0,0.008321,0.978826,0.005097,0,1,1,0.180445,0.986407,0
0,0.000021,0.025613,0,0.000002,0.094587,0.999999,0,1,0.999992,0.998291,1,0
0,0,0.985973,0,0.000001,1,1,0,0.999994,0.001863,0.999906,1,1
0,0,1,0,0.000281,0.999999,0.001411,0,1,1,0.031165,0.99991,0
0,0,0.000056,0,0,0.998477,1,0,1,0.020451,0.999999,1,0
0.017856,0.001007,0.592802,0,0.025431,0,0.999999,0,1,1,0.997661,0,0
0,0.001885,0.998135,0,0.840068,0.000002,0.012334,0,1,1,0.899481,0.32737,1
0,0,0.97542,0,0,1,1,0,0.99982,0,1,1,1
0,0,0,0,0,0.999803,1,0,0.999999,0,1,1,0
0,0,0.000197,0,0.000005,1,1,0,0.998138,0.00109,0.999971,1,0
0,0.000005,0,0,0,0.001083,1,0,1,0.000032,1,1,1
0.000018,0.791999,0.966717,0,0,0,0.999983,0,1,1,0.99784,0,1
0,0,0,0,0.952772,1,1,0,0.037713,0,1,1,1
0.000033,0.000117,0.99703,0,0.999851,0.058559,0.965347,0,1,0.999995,0.996888,0.000474,1
0,0,0,0,0.000012,1,1,0,0.000001,0,1,1,1
0,0.023174,1,0,0,0.000003,0.334949,0,1,0.999999,0.981565,0.333792,0
0,0.000006,0.001214,0,0.000043,0.01345,1,0,1,0.999952,0.998237,1,0
0,0,0,0,0.000001,0.999989,1,0,0.990162,0,1,1,0
0,0,0.966654,0,0,0.893669,1,0,1,0.999364,0.99418,1,0
0,0,0.000004,0,0,0.99494,1,0,0.999987,0.002981,0.999997,1,0
0,0.000009,0.955262,0,0.998967,0.000006,0.029886,0,1,1,0.718612,0.066777,0
0,0.000045,0,0,0,0.999999,1,0.000944,0.002922,0,1,1,0
0.001758,0.000013,0.132541,0,0.9281,0,0.998323,0,1,1,0.907036,0.000001,0
0,0.000023,1,0,0,0.000058,0.088586,0,1,1,0.832509,0.854126,0
0,0,0.070968,0,0.000939,0.999999,1,0,0.999964,0.070726,0.999748,1,0
0.000013,0.565444,0.999807,0,0.00657,0,0.988234,0,1,0.999999,0.999624,0.000006,1
0,0,0,0,0,1,1,0.000216,0,0,1,1,0
0,0,0.99205,0,0.991928,0.997451,0,0,0.999995,1,0.000005,0.920825,0
0,0.96539,1,0,0,0,0.022491,0,1,1,0.974496,0.120496,0
0,0,0,0,0,0.999796,1,0,0.999631,0.000019,1,1,0
0.002554,0.000025,0.801618,0,0.939043,0,0.999999,0,1,1,0.998439,0,0
0,0.000061,1,0,0.000061,0.001167,0.000849,0,1,1,0.319872,0.931803,0
0,0,0,0,0,1,1,0,0.1179,0,1,1,0
0.000123,0.000023,0.625881,0,0.997818,0.00003,0.808941,0,1,1,0.866395,0.000173,0
0,0,0,0,0,0.999998,1,0,0.999948,0.000026,1,1,1
0,0,0,0,0,1,1,0.999935,0,0,1,1,0
0,0,0.99097,0,1,0.915558,0.995474,0,1,1,0.995539,0.002894,1
0,0,1,0,0.000027,0.999981,0.005828,0,1,1,0.153594,0.999929,1
0,0,0,0,0.000171,0.999755,1,0,0.998219,0.000745,0.999999,1,0
0,0,0,0,0.000001,0.999998,1,0,0.732067,0,1,1,0
0,0.000559,0.702872,0,0,0.001648,1,0,1,0.99927,0.999708,1,0
0,0,0.000174,0,0,1,1,0,0.999952,0.000097,1,1,1
0,0,1,0,0.349733,0.999983,0.000075,0,1,1,0.000584,0.997958,0
0,0.000001,0.046988,0,0,0.533218,1,0,1,0.000121,1,1,0
0,0.000001,0,0,0,0.999974,1,0,0.887266,0,1,1,0
0,0,1,0,0.008599,0.913578,0.00271,0,1,1,0.110255,0.996998,0
0,0.000056,0.975382,0,0.96821,0,0.012033,0,1,1,0.750325,0.021509,1
0,0.001121,0,0,0,0.005563,1,0,0.999997,0,1,1,1
0,0,0.999999,0,1,1,0.00186,0,1,1,0.005617,0.999764,0
0.000001,0.000098,0.974608,0,0.995916,0.000032,0.726751,0,1,1,0.962781,0.001489,0
0,0.004072,0.998055,0,0.880566,0.000016,0.474241,0,1,1,0.984629,0.008436,0
0,0.00085,0.000002,0,0,0.000023,1,0,1,0.999806,0.999996,1,0
0,0.95687,0.999897,0,0.000018,0,0.077073,0,1,1,0.996262,0.000114,1
0,0,0,0,0,0.999999,1,0,0.999925,0.000007,1,1,1
0.27376,0,0.999995,0,1,1,1,0,0.02529,0.001158,0.68365,0.996076,0
0,0.000001,1,0,0,0.946803,1,0,1,0.046129,0.999595,1,0
0,0.00254,0.958991,0,0,0.000038,1,0,1,0.756346,0.999969,1,0
0,0,0,0,0.241539,1,1,0,0.168739,0.002309,0.999998,1,1
0,0.999924,0.999982,0,0,0,0.87751,0,1,1,0.999653,0.000007,0
0,0.00002,0.978484,0,0,0.031565,1,0,1,0.000018,1,1,1
0,0.00168,0.999735,0,0.817223,0,0.999689,0,1,1,0.999612,0.000207,0
0,0.011452,0.999763,0,0.329488,0,0.540879,0,1,1,0.996569,0.001076,1
0,0.988625,0.999627,0,0.000002,0,0.003172,0,1,1,0.982171,0.000091,0
0,0,0,0,0.000126,0.998978,1,0,0.999996,0.005255,0.999999,1,0
0,1,1,0.000012,0,0,0.970043,0,1,0.99944,0.999909,0.999995,0
0,0.994206,0.999887,0,0.000018,0,0.36187,0,1,0.999998,0.996899,0.001192,0
0.000016,0,0.535114,0,0.999994,0.000515,0.813004,0,1,1,0.832482,0.000389,0
0.000001,0,0.999991,0,1,1,0.756148,0,0.999994,1,0.007191,0.96195,1
0,0,0,0,0,1,1,1,0,0,1,1,1
0,0,0.999645,0,0,0.892886,1,0,1,1,0.929742,1,1
0,0,0.000033,0,0,0.999994,1,0,0.999997,0.011099,1,1,1
0,0,0,0,0,1,1,0,0.995849,0.000004,1,1,1
0.000001,0.000004,0.822591,0,0.999978,0.087123,0.007172,0,1,1,0.503433,0.083126,0
0,0,0.202261,0,0,1,1,0,0.999994,0.021466,0.999996,1,0
0.00014,0,0.366655,0,1,0.99411,0.812191,0,1,1,0.817801,0.001706,1
0.996105,0,0.998802,0,1,1,1,0,0.997602,0,0.999998,0.002838,1
0.000014,0.000147,1,0,0.000002,0.000676,0.986922,0,1,0.999996,0.944006,0.00169,0
0,0,0,0,0,1,1,0,0.816908,0,1,1,1
0.000001,0.00001,0.86263,0,0.999919,0.013056,0.078807,0,1,1,0.634002,0.191412,0
0,0,0.000748,0,0.09681,0.977837,1,0,0.999999,0.999748,0.997154,1,1
0,0,0.088199,0,0,1,1,0,0.999963,0.000635,0.999993,1,1
0,0,0,0,0,1,1,0.162584,0,0,1,1,1
0,0,0.999999,0,0.050037,0.005866,0.000093,0,1,1,0.096169,0.98923,0
0,0.00004,0.998683,0,0.998483,0.000018,0.075803,0,1,1,0.954154,0.270609,0
0,0,0.999998,0,0.035729,0.012999,0.188946,0,1,1,0.113117,0.837195,0
0,0.000001,0.018772,0,0.000059,0.058623,1,0,1,0.999995,0.989296,1,0
0,0.000206,0,0,0,0.005568,1,0,0.999979,0,1,1,0
0,0,1,0,0.010581,0.996311,0.000155,0,1,1,0.012725,0.968988,0
0,0,0,0,0,1,1,0,0.000002,0,1,1,1
0,0.000066,0.992431,0,0.788117,0,0.570154,0,1,1,0.984132,0.000015,1
0,0,0.00086,0,0,0.995215,1,0,1,0.006356,0.999996,1,0
0,0,1,0,0.999999,1,0.012542,0,1,1,0.003476,0.981489,1
0,0.000018,1,0,0.000004,0.007534,0.052379,0,1,1,0.420278,0.95414,0
0,0,1,0,0.003156,1,0.000021,0,1,1,0.000115,1,0
0,0,1,0,0.935774,0.947443,0.83598,0,1,1,0.048321,0.016849,0
0,0,0,0,0.000027,1,1,0,0.999525,0,1,1,1
0,0.000006,0,0,0,0.996625,1,0,0.999998,0,1,1,1
0,0,0,0,0,1,1,0,0.001205,0,1,1,1
0,0,0.000002,0,0,1,1,0,0.999325,0,1,1,1
0,0,0,0,0,1,1,0,0.99952,0.000189,1,1,0
0,0.002299,1,0,0,0.000004,0.00826,0,1,1,0.760403,0.215811,1
0.000001,0.173575,0.999766,0,0.028274,0,0.999218,0,1,0.999996,0.999532,0.000206,1
0,0,0,0,0,1,1,1,0,0,1,1,1
0.000171,0.000001,0.230777,0,0.990705,0,0.999982,0,1,1,0.98038,0,1
0.999997,0,0.008173,0,1,1,1,0,0.003851,0.008639,0.992446,0.000763,0
0.000012,0,0,0,0,1,1,0,0.002848,0,1,1,0
0,0.000001,0.000305,0,0.00007,0.137754,1,0,1,0.999061,0.999308,1,0
0,0.000179,1,0,0,0.00075,0.999435,0,1,0.999987,0.988046,1,0
0,0.442928,0.999865,0,0.002301,0,0.108771,0,1,1,0.986531,0.117746,0
0,0,1,0,1,1,0.199701,0,0.999558,1,0.000896,0.999999,1
0,0,0,0,0,1,1,1,0,0,1,1,0
0,0,0.999962,0,0,0.789012,1,0,1,0.992549,0.999577,1,0
0,0.000265,0.999949,0,0.997783,0.00037,0.001014,0,1,1,0.979047,0.538102,1
0,0,0,0,0,1,1,0.000045,0.00038,0,1,1,1
0,0.000302,0.999903,0,0,0.000083,0.999097,0,1,0.999999,0.968942,1,0
0,0.000278,0.997946,0,0.996372,0.000226,0.505666,0,1,1,0.98347,0.021885,0
0,0.000505,0.999966,0,0,0.008457,1,0,1,0.996251,0.998927,1,0
0,0,0.977178,0,1,0.998904,0.296675,0,1,1,0.903756,0.653049,1
0,0,0,0,0.000002,1,1,0,0.928475,0,1,1,1
0,0,1,0,1,1,0.000061,0,1,1,0.002801,0.999995,1
0,0,0.999998,0,0.999996,0.999998,0.000085,0,1,1,0.026785,0.622716,1
0,0.000127,0.618072,0,0.922447,0,0.001592,0,1,1,0.249714,0.009272,0
0,0,1,0,0.000135,0.343438,0.003426,0,1,1,0.119551,0.99789,0
0,0.000002,0.100129,0,0,0.989367,1,0,1,0.024316,0.999997,1,0
0.000068,0,0.108502,0,1,0.999943,0.19049,0,0.999999,1,0.263784,0.302149,1
0,0,0,0,0,1,1,0,0.003795,0,1,1,1
0,0,0,0,0,1,1,0,0.832287,0,1,1,0
0.000004,0,0.996771,0,1,0.999637,0.262828,0,1,1,0.11998,0.001149,1
0.000022,0.005324,0.998184,0,0.845396,0.000025,0.945508,0,1,1,0.997985,0.000013,0
0,0,0,0,0,1,1,1,0,0,1,1,0
0,0,0,0,0,1,1,0.986361,0,0,1,1,0
0,0.000001,1,0,0.000326,0.001168,0.000018,0,1,1,0.071927,0.985741,0
0.001784,0.027074,0.998062,0,0.673904,0.000024,0.999853,0,1,0.99992,0.999562,0.000011,0
0,0.000014,0.957607,0,0.998391,0.000027,0.000745,0,1,1,0.544556,0.038212,0
0,0.002883,0.013703,0,0,0.000026,1,0,1,0.999981,0.999687,1,0
0,0.000001,1,0,0,0.011234,0.024632,0,1,1,0.248227,0.999752,0
0,0.988161,0,0,0,0.01926,1,0.000082,0.674853,0,1,1,1
0,0,1,0,0.036541,0.999992,0.002332,0,1,1,0.008529,0.999987,1
0,0,1,0,0.019531,0.999999,0.231985,0,1,1,0.010391,0.999716,0
0,0,1,0,0.437697,0.972256,0.004579,0,1,1,0.053262,0.990171,0
0,0,0,0,0.051372,1,1,0.999994,0,0,1,1,0
0,0,0,0,0,0.999999,1,0,0.998549,0.000002,1,1,1
0,0,0,0,1,1,1,0,0.045201,0.002336,1,1,0
0.999863,0,0.000973,0,1,1,1,0,0.000158,0.024404,0.890368,0.416658,1
0,0,1,0,0,0.78986,0.000599,0,1,1,0.116091,0.99856,0
0.000018,0,0.999871,0,0.042149,0,0.999982,0,1,1,0.920704,0.000041,0
0.00001,0.000025,0.974598,0,0.999668,0.00048,0.983742,0,1,1,0.98256,0.002478,1
0,0.024109,0.027639,0,0,0,1,0,1,0.697862,1,1,0
0.995007,0,0.007894,0,1,1,1,0,0.002817,0.001819,0.958648,0.913791,1
0,0,1,0,0.135795,1,0.013575,0,1,1,0.007937,0.999998,0
0.000005,0.000006,0.82221,0,0.99997,0.029035,0.512091,0,1,0.999999,0.711328,0.313654,0
0.999974,0,0.000102,0,1,1,1,0,0.000017,0.09538,0.688615,0.476792,1
0,0.001706,1,0,0,0.000087,0.009005,0,1,1,0.975554,0.861096,1
0,0,0.704246,0,0.000183,1,1,0,0.999979,0.997983,0.963935,1,0
0.000004,0.000044,0.684992,0,0.968224,0,0.377719,0,1,1,0.796468,0.000116,0
0,0,1,0,0,0.637422,0.99997,0,1,0.999793,0.921605,1,0
0.000055,0.996523,0.999979,0,0.000004,0,0.9995,0,1,0.999998,0.999977,0,0
0,0,1,0,0,0.999995,1,0,1,0.84822,0.992523,1,0
0,0,1,0,0.043057,0.997572,0.029691,0,1,1,0.231893,0.739563,1
0,0,0,0,0,0.999349,1,0,0.999768,0.000149,1,1,0
0.001231,0.017266,0.884807,0,0.005427,0,0.999872,0,1,1,0.995844,0,0
0,0.000007,0,0,0,0.999992,1,0.028907,0.000075,0,1,1,0
0,0,0.935441,0,1,0.061151,0.712602,0,1,1,0.848079,0.478334,1
0,0,0,0,0,0.999785,1,0,1,0.000066,1,1,0
0,0.00001,0,0,0,0.465546,1,0,1,0.000015,1,1,0
0.000007,0,0.691448,0,0.999996,0.000222,0.673874,0,1,1,0.910392,0.000023,1
0.000007,0.200439,0.974412,0,0.000101,0,0.998379,0,1,1,0.993118,0.000002,1
0,0,0,0,0,0.998123,1,0,0.998743,0.000153,1,1,0
0,0,0,0,0,1,1,1,0,0,1,1,0
0,0,0,0,0,0.999765,1,0,0.999982,0,1,1,1
0,0,0.005528,0,0.00117,0.985636,1,0,0.999994,0.996397,0.998109,1,0
0,0,0.99903,0,0,0.99989,1,0,1,0.390105,0.999933,1,0
0,0.0359,1,0,0,0.000001,0.999809,0,1,0.99999,0.997718,1,0
0,0,0.107683,0,0,0.999398,1,0,1,0.036528,0.999962,1,1
0,0,0,0,0,0.999995,1,0,0.999905,0,1,1,1
0,0,0,0,0,1,1,0,0.000154,0,1,1,1
0.999762,0,0.000012,0,1,0.032124,1,0,0.999511,1,0.729583,0.000001,0
0,0,0,0,0.017911,1,1,0,0.923313,0.000025,1,1,0
0,0,0,0,0,1,1,0.932326,0,0,1,1,1
0,0,0,0,0,0.999997,1,0,0.956638,0,1,1,0
0,0.554008,0,0,0,0.019397,1,0,1,0,1,1,1
0.006499,0.062065,0.937797,0,0.002509,0,0.999825,0,1,1,0.998105,0,0
0.999976,0,0.000015,0,1,1,1,0,0.000003,0.084393,0.558813,0.822218,1
0,0,0,0,0.009423,1,1,0,0.05024,0.000001,1,1,1
0,0.001108,1,0,0,0.000049,1,0,1,0.999682,0.999132,1,0
0,0.99997,1,0,0,0,0.005348,0,1,1,0.999928,0.059103,1
0.000062,0,0.015501,0,1,0.109121,0.103243,0,1,1,0.134537,0.001095,0
0,0,0.000962,0,0,0.999924,1,0,1,0.001907,1,1,0
0.000007,0,0,0,0.019761,1,1,0,0.616431,0.000314,1,1,1
0,0,0,0,0.020647,1,1,0,0.652412,0.000018,1,1,0
0,0,0,0,0,0.999997,1,0,0.696028,0,1,1,1
0,0,0,0,0,1,1,0,0.344513,0,1,1,1
0,0.000056,1,0,0,0.000068,0.604609,0,1,1,0.672347,0.092701,0
0,0,0,0,0,0.999989,1,0,0.999974,0,1,1,0
0,0,0,0,0.996013,1,1,0,0.998855,0.974755,0.99996,1,1
0,0,0,0,0.121946,0.999721,1,0,0.999494,0.000589,1,1,0
0,0.000002,1,0,0,0.000246,0.218125,0,1,1,0.785694,0.229569,1
0,0,0.000002,0,0,0.990829,1,0,1,0.007057,1,1,0
0,0.000194,0.000004,0,0,0.000063,1,0,1,0.999986,0.999873,1,0
0.000003,0,0.015752,0,1,0.999993,0.036613,0,1,1,0.070897,0.2376,1
0,0,0,0,0,1,1,0,0.999695,0,1,1,0
0.40817,0,0.00011,0,1,0.910647,0.999376,0,1,1,0.27598,0.000001,1
0,0,0,0,0,1,1,0.000005,0.000625,0,1,1,0
0,0,1,0,0.000519,0.983735,0.000423,0,1,1,0.033114,0.998901,1
0,0,0.999985,0,0.89831,0.232859,0.481402,0,1,1,0.055734,0.766425,1
0,0,0.999989,0,0.001942,0.999987,0.991907,0,1,1,0.702726,0.999998,1
0,0,1,0,0.000152,0.994412,0.000148,0,1,1,0.033056,0.999948,0
0,0,0,0,0.093771,1,1,0,0.02212,0.000002,1,1,0
0,0,0,0,0,1,1,0,0.96935,0,1,1,1
0.000065,0,0.613344,0,1,0.999969,0.685479,0,1,1,0.900121,0.001426,0
0,0.000032,0.003099,0,0,0.558556,1,0,1,0.000045,1,1,1
0,0,0.810665,0,0,0.93765,1,0,1,0.857994,0.999965,1,0
0.000003,0,0.999996,0,0.009907,0.004013,0.525615,0,1,1,0.510781,0.000415,0
0,0.000522,0.361142,0,0,0.015218,1,0,1,0.402908,0.999975,1,0
0.99999,0,0.000309,0,1,1,1,0,0.000151,0.000602,0.9864,0.383469,1
0.000006,0.879637,0.999248,0,0.000083,0,0.118752,0,1,1,0.997162,0,0
0,0,0.001232,0,0.000065,0.944759,1,0,0.999999,0.983197,0.999177,1,0
0,0,0,0,0,1,1,0,0.003729,0,1,1,0
0.999977,0,0.015261,0,1,0.9999,1,0,0.103349,0.000223,0.99863,0.003354,0
0.000001,0.061703,0.997187,0,0.012311,0,0.975289,0,1,1,0.99619,0.000024,1
0,0,0,0,0,1,1,0,0.976663,0,1,1,1
0,0,0.944179,0,1,0.259533,0.678352,0,1,1,0.956309,0.001499,1
0,0,0,0,0.057054,0.999955,1,0,0.999774,0.20381,0.999999,1,0
0,0.000015,0.000189,0,0,0.000112,1,0,1,0.97868,0.999984,1,0
0,1,1,0.003032,0,0,0.002138,0,1,0.999903,0.981261,0.993903,0
0,0.06199,0.999753,0,0.033877,0,0.017558,0,1,1,0.987579,0.00194,0
0.000011,0.999929,0.999987,0,0,0,0.999994,0,1,0.999994,0.99999,0,0
0,0,0.000746,0,0,0.233413,1,0,1,0.023051,1,1,0
0.000001,0,0,0,0.999992,1,1,0,0.214184,0.006553,0.999902,1,0
0.999725,0,0.002503,0,1,1,1,0,0.000526,0.060077,0.836213,0.316885,0
0,0,0.000005,0,0.000006,0.984476,1,0,0.99999,0.867032,0.999933,1,0
0,1,1,0.004113,0,0,0.259231,0,1,0.999562,0.999961,0.100941,1
0,0.999926,1,0,0,0,0.190496,0,1,1,0.999782,0.009596,0
0,0.000011,0.983906,0,0.999391,0.000109,0.003618,0,1,1,0.812314,0.012453,0
0,0.995066,1,0,0,0,0.838144,0,1,1,0.990153,0.0254,0
0,0.000142,0.070511,0,0.000017,0.002754,1,0,1,0.997736,0.99945,1,0
0,0.999773,1,0,0.000001,0,0.012424,0,1,0.999999,0.999416,0.188067,0
0.000011,0,0.764499,0,0.999995,0.000351,0.57643,0,1,1,0.940985,0.000005,1
0,0,0,0,0,1,1,0,0.000924,0,1,1,1
0.985687,0,1,0,1,1,1,0,0.030128,0.000025,0.992315,0.418109,1
0,0.000647,1,0,0,0.002828,1,0,1,0.867545,0.999994,1,0
0,0,0,0,0.001275,1,1,0,0,0,1,1,1
0,0,0,0,0.000001,1,1,0.014964,0,0,1,1,1
0.168032,0,0.061132,0,0.999999,0.000007,0.999999,0,1,1,0.986731,0,0
0,0.035005,1,0,0,0,0.891289,0,1,1,0.96186,0.001512,0
0.000632,0.000222,0.957604,0,0.501677,0,1,0,1,1,0.999657,0,1
0,0,0,0,0,1,1,0.000002,0.000065,0,1,1,0
0,0,0.005111,0,0,0.999654,1,0,0.999995,0.000151,0.999999,1,0
0,0.000038,0.979254,0,0.999393,0.001984,0.018575,0,1,1,0.894469,0.003276,1
0,0,0.999961,0,0.85041,0.759497,0.00107,0,1,1,0.015953,0.976205,0
0,0.456582,0.048059,0,0,0.000001,1,0,1,0.999766,0.999983,1,0
0,0,0,0,0,0.000807,1,0,1,0.091096,1,1,1
0,0,0,0,0,1,1,0.999167,0,0,1,1,1
0.000001,0,0,0,0.993993,1,1,0,0.004073,0.999994,0.811457,1,0
0,0.000304,0.439713,0,0,0.017674,1,0,1,0.086705,0.999991,1,0
0,0,0.028539,0,0,1,1,0,0.999892,0.000151,0.999992,1,0
0,0,0,0,0,1,1,0,0.032868,0,1,1,0
0,0,0,0,0,1,1,0,0.003156,0,1,1,1
0,0.00008,0,0,0,0.001025,1,0,1,0.996006,0.999988,1,0
0,0,0.991868,0,0,0.998852,1,0,1,0.002655,0.999975,1,0
0,0.000002,0.999678,0,0.999996,0.012562,0.935103,0,1,1,0.99637,0.169502,1
0,0.001953,0.999994,0,0,0,1,0,1,0.997758,0.99999,1,0
0,0,0.002978,0,0,0.99786,1,0,1,0.745204,0.999934,1,0
0,0,0.999995,0,0.656104,0.965671,0.000207,0,1,1,0.003134,0.992867,0
0,0.000001,0,0,0,0.999559,1,0,0.472516,0,1,1,0
0,0.000003,0.002715,0,0.000001,0.093485,1,0,1,0.975051,0.999765,1,0
0,0,0,0,0.000081,0.999998,1,0,0.998212,0.104715,0.999995,1,0
0.000001,0,0.000009,0,0.999143,0.999976,1,0,0.999469,0.998078,0.9919,1,0
0,0,1,0,0.000105,0.573129,0.033652,0,1,1,0.196726,0.894131,1
0,0.008268,1,0,0,0,0.00554,0,1,1,0.948995,0.443948,1
0,0,0,0,0,0.997427,1,0,0.012053,0,1,1,1
0,0.000002,0.000456,0,0,0.524194,1,0,1,0.140232,0.999998,1,0
0,0.000001,0,0,0,0.722169,1,0,0.977392,0,1,1,0
0,0,0.998116,0,1,0.936481,0.211099,0,1,1,0.973578,0.446119,1
0,0,0,0,0,1,1,1,0,0,1,1,0
0,0,0,0,0.00001,0.069616,1,0,0.999999,0.931284,0.999998,1,0
0,0,0.741988,0,1,0.453261,0.042123,0,1,1,0.631729,0.028945,1
0,0,0,0,0,1,1,0.023689,0,0,1,1,0
0,0,0,0,0,0.999372,1,0,0.988433,0.000008,1,1,0
0,0,1,0,0.938359,1,0.001833,0,1,1,0.000719,0.999999,1
0,0.603139,0.996319,0,0.000809,0,0.003537,0,1,1,0.903467,0.003041,0
0,0,0.999996,0,1,1,0.001488,0,0.999966,1,0.000117,0.999991,1
0,0.520647,0.999703,0,0.005889,0,0.854044,0,1,0.999999,0.996755,0.002479,1
0.364341,0,0.084464,0,0.999992,0.00009,0.999989,0,1,1,0.976986,0.000001,0
0,0,0.151394,0,0,0.999998,1,0,1,0.970707,0.999929,1,1
0,0.922321,1,0,0,0,0.02288,0,1,1,0.985557,0.013592,0
0.000944,0,0.114405,0,1,0.993727,0.997409,0,1,1,0.843659,0.001885,1
0,0,0,0,0,1,1,0,0.202741,0,1,1,0
0.000018,0.006611,0.978265,0,0.116068,0,0.996474,0,1,1,0.992916,0.000016,1
0.000002,0.000044,0.744076,0,0.997428,0.000076,0.117586,0,1,1,0.571598,0.043267,0
0.002123,0,0.000927,0,1,1,0.155359,0,0.999999,1,0.076645,0.00073,1
0,0,0,0,0,1,1,1,0,0,1,1,1
0,0.000001,1,0,0,0.039591,0.000004,0,1,1,0.086454,0.998705,0
0,0,0,0,0,0.999976,1,0,0.998409,0,1,1,0
0,0,0,0,0,1,1,0,0.031612,0,1,1,0
0,0,0.000061,0,0.995414,1,1,0,0.999986,0.999991,0.956878,1,0
0,0,0,0,0.000003,1,1,0,0.019145,0,1,1,1
0,0,0,0,0,1,1,0.999653,0,0,1,1,1
0,0,1,0,0.002393,0.100061,0.000994,0,1,1,0.079078,0.987185,0
0,0,1,0,0.055148,0.995463,0.032172,0,1,1,0.067701,0.992223,1
0,0.07146,0.947169,0,0.010924,0,0.015278,0,1,1,0.733658,0.002604,0
0,0,0,0,0.000072,1,1,0,0.959936,0.001769,0.999999,1,1
0,0,0,0,0,0.99973,1,0,1,0,1,1,0
0,0.000006,0.000034,0,0,0.514743,1,0,1,0.849972,0.999978,1,0
0,0,0.999686,0,0,1,1,0,1,0.006915,0.999803,1,0
0,0,1,0,0.910956,0.999049,0.003517,0,1,1,0.059468,0.998234,0
0,0,0,0,0,1,1,0,0.987963,0,1,1,1
0,0,0,0,0,1,1,0,0.000001,0,1,1,1
1,0,0,0,1,1,0.99999,0.010903,0,0.998164,0.013007,0.013252,0
0,0,0,0,0.641117,1,1,0,0.000069,0,1,1,1
0,0,0,0,0,0.999999,1,0,1,0.000538,1,1,0
0,0.009701,0,0,0,0.000007,1,0,1,0,1,1,1
0.999288,0,0.010187,0,1,1,1,0,0.005013,0.028179,0.91159,0.21754,0
0,0.062757,0.000009,0,0,0,1,0,1,0.105466,1,1,0
0,0.439713,0.009871,0,0,0.000001,1,0,1,0.987281,0.999991,1,0
0,0,0.370245,0,1,0.035751,0.01617,0,1,1,0.293142,0.031717,0
0,0.003615,0.999762,0,0.000163,0,0.709459,0,1,1,0.865369,0.00387,0
0.991927,0,0.068527,0,1,1,1,0,0.046961,0.000085,0.995076,0.901616,1
0,0,1,0,0.000067,0.995828,0.004047,0,1,1,0.468752,0.445501,0
0,0,0.831015,0,1,0.556056,0.009444,0,1,1,0.619181,0.02664,0
0,0,0.999926,0,0.218501,0.069617,0.000072,0,1,1,0.016452,0.868417,0
0,0.99015,0.999995,0,0.000007,0,0.004475,0,1,1,0.997951,0.001222,0
0,0,0.999986,0,0.999999,0.997201,0.000512,0,1,1,0.000742,0.981801,1
0,0.000225,0.994469,0,0,0.020416,1,0,1,0.967649,0.999768,1,0
0,0,0,0,0,0.999999,1,0,0.999807,0.00001,1,1,0
0,0.132469,0.999562,0,0.086143,0.000001,0.217469,0,1,1,0.995675,0.000178,1
0,0,0.999959,0,0.984477,0.449063,0.402177,0,1,1,0.654183,0.272258,1
0,0,1,0,0.85354,1,0.814029,0,1,0.999999,0.002389,1,1
0,0.000041,0.000002,0,0.000001,0.000955,1,0,1,0.991825,0.999981,1,0
0,0,0.971147,0,0,0.978343,1,0,1,0.151752,0.999976,1,0
0,0,0.988616,0,0,0.999988,1,0,1,0.784671,0.997397,1,1
0,0,0.000332,0,0.000394,0.83704,1,0,1,0.998937,0.999598,1,0
0,0.000399,0,0,0,0.010858,1,0,0.999998,0.037426,1,1,0
0,0,0.805396,0,1,0.272783,0.009146,0,1,1,0.461896,0.247513,1
0,0.000025,0,0,0,0.994491,1,0,0.999118,0,1,1,0
1,0,0.000008,0,1,0.596418,1,0,0.000541,0.016375,0.99828,0,0
0,0,0.000006,0,0,0.999948,1,0,0.999971,0,1,1,0
0.000003,0,1,0,1,1,0.178371,0,0.999997,1,0.058835,0.712035,1
0.903355,0,0.011697,0,0.999995,0.000001,1,0,1,0.999999,0.987125,0.000001,0
0,0.000029,0.705156,0,0,0.735203,1,0,1,0.510393,0.999983,1,0
0,0,0,0,0,1,1,0,0.646357,0,1,1,1
0.002282,0,0.060506,0,0,0.000173,1,0,1,0.998249,0.999989,1,0
0.000003,0,0.003109,0,0.000004,0.439525,1,0,1,0.999949,0.999762,1,0
0,0.880904,0.996474,0,0.000118,0,0.162241,0,1,1,0.956935,0.00438,0
0,0.001741,1,0,0,0.00103,1,0,1,0.834872,0.999961,1,0
0,0.000037,1,0,0,0.000025,0.009569,0,1,1,0.354727,0.451019,0
0,0.690767,0.999575,0,0.00014,0,0.000006,0,1,1,0.948503,0.000012,0
0,0,0,0,0.924464,1,1,0,0.70873,0.007933,0.999997,1,0
0,0.008371,0.466432,0,0.000004,0.000258,1,0,1,0.929951,0.999649,1,0
0,0,0.002755,0,0,0.999295,1,0,0.999999,0.00008,0.999999,1,0
0.999991,0,0.084329,0,1,1,1,0,0.044814,0.000872,0.998738,0.000678,1
0,0,0,0,0,1,1,0,0.999973,0.000001,1,1,0
0,0,1,0,0.063685,0.999994,0.000913,0,1,1,0.004152,0.999996,0
0,0,1,0,0.99317,1,0.000468,0,1,1,0.000438,0.999999,0
0,0,1,0,0.239758,0.998447,0.030413,0,1,1,0.102486,0.999944,0
0.000001,0.002607,0.987863,0,0.113997,0,0.741792,0,1,1,0.98892,0.000002,0
0,0.00008,0.988435,0,0.999423,0.006446,0.061246,0,1,1,0.910525,0.047676,0
0,0,0.999998,0,0.001636,0.000021,0.997615,0,1,1,0.064107,0.011569,0
0,0,0,0,0,0.999992,1,0,0.99927,0,1,1,1
0,0.000001,0,0,0,0.940206,1,0,0.999999,0.121256,1,1,0
0,0,0.147869,0,0,0.999999,1,0,0.999996,0.995962,0.999542,1,0
0,0,1,0,0.000001,0.000008,0.996645,0,1,1,0.214127,0.001244,0
0,0,0,0,0,1,1,0.000972,0,0,1,1,1
0,0,1,0,0.000006,0.770788,0.000121,0,1,1,0.005025,0.999934,0
0,0.000021,0.910069,0,0,0.255861,1,0,1,0.900258,0.999789,1,0
0,0.002344,0.000005,0,0,0.002532,1,0,1,0.000021,1,1,0
0.993201,0,0.071976,0,1,1,1,0,0.057113,0.000052,0.996933,0.85369,1
0,0,0,0,0,1,1,0,0.002724,0,1,1,1
0,0,0,0,0,1,1,1,0,0,1,1,0
0,0,0,0,0,0.999999,1,0,0.012591,0,1,1,0
0,0.000009,1,0,0.000385,0.002208,0.002411,0,1,1,0.331521,0.411904,0
0.667907,0,0.000602,0,1,0.059772,0.999976,0,1,1,0.799914,0,0
0,0.000152,0.98665,0,0,0.072614,1,0,1,0.060746,0.999991,1,0
0,0.002891,1,0,0,0,0.037555,0,1,1,0.655851,0.462687,0
0,0,1,0,0,0.896009,0.06064,0,1,1,0.10444,0.997214,0
0,0,0,0,0,0.429117,1,0,0.999955,0.00015,1,1,1
0.999999,0,0.00001,0,1,1,0.999886,0.011134,0.000003,0.993138,0.060487,0.005047,0
0.471464,0,0.009538,0,1,0.000019,0.999998,0,1,1,0.963177,0,0
0.000001,0.000982,0.984965,0,0.952196,0.00004,0.104709,0,1,1,0.938957,0.001748,0
0,0.111838,0.000354,0,0,0.000012,1,0,1,0.438216,0.999999,1,0
0.000044,0,0,0,0.996104,1,1,0,0.000243,0.000701,1,1,1
0,0,0,0,0,1,1,0,0.038722,0,1,1,0
0,0,0.000106,0,0.000001,0.424208,1,0,1,0.999998,0.999155,1,0
0,0.000102,1,0,0,0.000574,0.016055,0,1,1,0.651234,0.997012,0
0,1,1,0.848144,0,0,0.933381,0,1,0.987849,0.99984,0.238677,1
0,0.000248,0.020871,0,0,0.00932,1,0,1,0.004191,1,1,0
0,0.000001,1,0,0,0.000261,0.286237,0,1,1,0.414749,0.986444,0
0,1,1,0,0,0,0.118738,0,1,1,0.999951,0.000003,0
0,0,0,0,0.954644,1,1,0,0.999999,0.999748,0.999766,1,1
0,0,0,0,0.000012,1,1,0,0.027596,0,1,1,0
0,0.000001,0.001764,0,0,0.99505,1,0,0.999991,0.000701,0.999995,1,0
0.007359,0.058736,0.930701,0,0.000766,0,0.999962,0,1,1,0.998778,0,0
0,0.006233,1,0,0,0.000019,0.424737,0,1,1,0.969448,0.002467,1
0,0,0,0,0.000168,1,1,0.000003,0.000017,0,1,1,0
0.005475,0.994471,0.997661,0,0,0,0.999958,0,1,1,0.999806,0,0
0,0.038195,0.997431,0,0.312173,0.000005,0.06241,0,1,1,0.948136,0.056524,0
0,0,0,0,0.000012,0.999701,1,0,0.999774,0.004415,0.999997,1,0
0,0,0,0,0.99883,1,1,0,0.994365,0.157337,0.999997,1,1
0,0,0,0,0,0.999559,1,0,0.999917,0.000006,1,1,1
0,0.67959,0.999868,0,0.0001,0,0.993151,0,1,1,0.999649,0.000002,0
0.000008,0.999997,0.999999,0,0,0,0.994348,0,1,0.999808,0.99999,0.000001,0
0,0.002225,0,0,0,0.000243,1,0.000315,0.005762,0,1,1,0
0,0.000135,0.977443,0,0,0.007539,1,0,1,0.956115,0.999786,1,0
0,0,0,0,0,0.999995,1,0,0.999995,0.000641,1,1,0
1,0,0,0,1,1,0.999937,0.001249,0,0.99932,0.015873,0.001638,0
0.00002,0.00146,0.997574,0,0.933923,0.000005,0.994591,0,1,1,0.998717,0.000009,1
0.000001,0.000001,0.95221,0,1,0.566553,0.531898,0,1,1,0.8921,0.189069,0
0,0.000001,0.999999,0,0.007911,0.35871,0.001534,0,1,1,0.117299,0.893544,0
0,0,0,0,0.000013,0.996324,1,0,0.999912,0.942061,0.999836,1,0
0,0,0,0,0.000002,0.985868,1,0,0.999998,0.150301,1,1,0
0,0,0,0,0,1,1,0,0.306099,0,1,1,0
0.000003,0.000014,0.687153,0,0.998706,0.000013,0.64306,0,1,1,0.733098,0.009978,0
0,0,0,0,0.002588,0.999998,1,0,0.998557,0.000557,1,1,0
0,0.797221,0.999996,0,0.001512,0,0.338204,0,1,0.999999,0.998428,0.511803,0
0,0,1,0,0,0.998156,1,0,1,0.036524,0.999637,1,0
0.998903,0,0.763737,0,1,0.999981,1,0,0.776746,0.000182,0.999429,0.004101,0
0,0.000005,0.998361,0,0,0.491095,1,0,1,0.104121,0.999865,1,0
0.997786,0,0.027209,0,1,1,1,0,0.003724,0.003197,0.969979,0.679407,1
0,0.840452,0.997317,0,0.000001,0,0.855399,0,1,1,0.988047,0.00004,0
0.069399,0.99999,0.986917,0,0,0,1,0,1,0.999991,0.999915,0,0
0,0,0,0,0,1,1,0,0.951892,0,1,1,0
0,0,0,0,0,0.999999,1,0,0.999998,0.000066,1,1,1
0,0.000027,0,0,0,0.992124,1,0,0.999832,0,1,1,1
0,0,0,0,0,1,1,0,0.917002,0,1,1,1
0,0.104916,1,0,0,0,0.918908,0,1,1,0.99163,0.000356,1
0,0.889567,0.999946,0,0,0,1,0,1,0.998848,0.999993,1,0
0,0.000059,0.34788,0,0,0.000992,1,0,1,0.866777,0.999987,1,0
0,0,0,0,0,1,1,0,0.053828,0,1,1,1
0,0,0,0,0.000001,1,1,0,0.210057,0,1,1,1
0,0,0,0,0,1,1,0,0.982486,0,1,1,0
0,0,0.182877,0,0.001697,1,1,0,0.999991,0.999972,0.974109,1,0
0,0,0.999999,0,0.999991,0.999995,0,0,1,1,0.000056,0.988481,0
0,0,1,0,0.556395,0.99981,0.00016,0,1,1,0.003856,0.99974,0
0,0.00003,0.000061,0,0,0.679796,1,0,1,0.000148,1,1,0
0.000086,0.927705,0.9927,0,0,0,0.999934,0,1,1,0.999454,0,0
0,0.000002,0.993564,0,0,0.412391,1,0,1,0.992601,0.997558,1,0
0,0.002462,0,0,0,0.007895,1,0,1,0,1,1,0
0,0,0,0,0,1,1,0,0.02345,0,1,1,0
0,0,1,0,0,0.537193,0.07051,0,1,1,0.110886,0.999923,0
0.00037,0.738424,0.995803,0,0.000026,0,0.999837,0,1,1,0.999515,0,0
0,0.000008,1,0,0,0.368662,0.932018,0,1,0.999894,0.987253,0.892834,0
0,0.999936,0.999996,0,0,0,0.088814,0,1,1,0.999729,0.000008,0
0.00003,0.027942,0.995829,0,0.01686,0,0.999872,0,1,1,0.99922,0.000001,1
0,0,0,0,0.004846,1,1,0,0,0,1,1,1
0,0.000003,0.971681,0,0,0.668908,1,0,1,0.017721,0.999992,1,0
0,0.000003,0.072674,0,0.000002,0.698975,1,0,1,0.942926,0.999928,1,0
0,0.960446,0.999894,0,0.000012,0,0.02263,0,1,1,0.984061,0.026773,0
0,0.000001,0,0,0.000013,0.984814,1,0,0.99993,0.002043,0.999999,1,0
0,0,1,0,0,0.488349,0.921694,0,1,0.999993,0.849159,1,0
0,0.000012,0,0,0,0.239772,1,0,0.999993,0,1,1,0
0,0,0,0,0.000586,1,1,0,0.984756,0.001021,1,1,0
0,0,0,0,0,0.99999,1,0,0.971923,0,1,1,1
0,0.99985,0.999973,0,0,0,0.98898,0,1,0.999999,0.999624,0.000086,0
0,0.000009,0.906028,0,0.997482,0.000026,0,0,1,1,0.06746,0.103817,0
0,0,0.996835,0,0.00281,1,1,0,0.999995,0.996837,0.9563,1,0
0,0.000034,0,0,0,0.969411,1,0,0.999995,0,1,1,0
0,0,0,0,0,1,1,0.000094,0.000007,0,1,1,0
0,0,0.998907,0,0.001798,1,1,0,0.925116,0.005261,0.985432,1,0
0.000017,0,0,0,0.000003,0.999999,1,0,0.092896,0,1,1,0
0,0.0961,0.999988,0,0.174747,0.000001,0.007487,0,1,1,0.992623,0.568315,1
0.000049,0.000007,0.958776,0,0.999966,0.06322,0.293752,0,1,1,0.966892,0.000076,0
0,0,1,0,0.944205,1,0.984405,0,0.451694,1,0,1,1
0,0,1,0,0.084424,1,0.000002,0,1,1,0.000214,1,1
0,0,1,0,0.267588,0.999943,0.007481,0,1,1,0.044387,0.959857,0
0.000084,0.000065,0.999999,0,0.000002,0,0.997997,0,1,1,0.9877,0,0
0,0.999513,0.999997,0,0,0,0.978748,0,1,0.999999,0.999936,0.000017,0
0,0.000158,0,0,0,1,1,1,0,0,1,1,1
0,0.000001,0.99973,0,0.85623,0.108856,0.044898,0,1,1,0.238887,0.718461,0
0.000048,0.000002,0.980911,0,0.999992,0.017208,0.993546,0,1,1,0.994052,0.000171,1
0.000002,0.005944,0.990763,0,0.761083,0.000034,0.059456,0,1,1,0.951732,0.000967,0
0,0,0,0,0.000014,0.999995,1,0,0.993476,0.000157,1,1,1
0.997391,0,0.083083,0,1,0.999225,1,0.000001,0.191101,0.005802,0.978108,0.070114,0
0,0.000034,1,0,0,0.001267,0.266698,0,1,1,0.979613,0.663778,1
0,0,0.000035,0,0,1,1,0,0.999996,0.000001,1,1,0
0,0.000402,0.98897,0,0.804113,0,0.978858,0,1,1,0.989041,0.000183,1
0,0.000009,0,0,0,0.949525,1,0,0.999657,0,1,1,0
0,0,0,0,0,1,1,0,0.059552,0,1,1,0
0,0,0,0,0.998548,1,1,0,0.053514,0.000002,1,1,1
0,1,1,0,0,0,0.999979,0,1,0.999845,0.999997,0.000078,0
0.000069,0,0.968509,0,0.996212,1,1,0,0.977326,0.040534,0.979204,1,0
0.000003,0,0.203699,0,1,0.749786,0.97789,0,1,1,0.670049,0.051368,1
0.000013,0,0,0,0.042805,1,1,0,0.003208,0,1,1,0
0,0.000001,1,0,0.000093,0.000205,0.000007,0,1,1,0.04101,0.959534,0
0.999807,0,0.111631,0,1,1,1,0,0.055548,0.005169,0.991974,0.007655,0
0,0,1,0,0.054326,0.999903,0.001681,0,1,1,0.001276,0.999683,0
0,0,0,0,0,0.998625,1,0,0.999985,0.000234,1,1,1
1,0,0.000001,0,1,1,1,0,0,0.426559,0.422627,0.131621,1
0,0,1,0,0.974552,1,0.018797,0,1,1,0.014041,0.999987,0
0,0,0,0,0,1,1,0,0,0,1,1,1
0,0,0.757324,0,0.000025,0.969878,0.999999,0,0.999999,0.999975,0.888731,1,0
0,0,0,0,0,1,1,0,0.008079,0,1,1,0
0,0,0,0,0,0.999957,1,0,0.296411,0,1,1,0
0,0,0,0,0,0.999998,1,0,0.833903,0,1,1,0
0,0,0,0,0.664806,1,1,0,0.000011,0,1,1,1
0,0,0,0,0,1,1,0,0.000034,0,1,1,1
0,0.000001,1,0,0.000001,0.143715,0.000053,0,1,1,0.213997,0.97635,0
0,0,0,0,0,0.999067,1,0,0.999987,0,1,1,1
0,0.002829,0.988569,0,0.72566,0.000003,0.015224,0,1,1,0.874822,0.009142,0
0,0.315331,0.999687,0,0.001059,0,0.000026,0,1,1,0.931074,0.000958,0
0,0.016494,0.999586,0,0,0.000012,0.883598,0,1,0.999999,0.921505,0.999234,0
0,0.000011,1,0,0,0.000004,0.382553,0,1,1,0.83358,0.000377,1
0.994234,0,0.023951,0,1,1,1,0,0.014037,0.001763,0.967311,0.832436,1
0,0,0,0,0,0.999729,1,0,1,0,1,1,0
0,0.000011,1,0,0.000005,0.000041,0.000503,0,1,1,0.131165,0.571513,0
0,0,0.942552,0,1,0.00093,0.467542,0,1,1,0.949178,0.000375,0
0,0.000139,0.000013,0,0,0.427321,1,0,1,0.000001,1,1,0
0,0.000445,0.995885,0,0.995007,0.000742,0.050043,0,1,1,0.918744,0.254618,0
0,0.000001,1,0,0,0.116506,1,0,1,0.999792,0.997692,1,0
0,0,0.47099,0,1,0.126806,0.004912,0,1,1,0.18668,0.431167,0
0,0.000001,0.970778,0,0.999983,0.002418,0.001567,0,1,1,0.515412,0.664587,0
0,0.006693,0.99752,0,0.169858,0,0.977644,0,1,1,0.996281,0.000048,0
0,0,1,0,0.001781,0.853539,0.000314,0,1,1,0.085511,0.975043,0
0.000012,0.000613,0.986974,0,0.986561,0.000164,0.647642,0,1,1,0.98217,0.000235,1
0,0,0.388497,0,0,0.997894,1,0,1,0.376384,0.999954,1,0
0.000001,0.000008,0.913345,0,0.999945,0.014863,0.116505,0,1,1,0.756716,0.100597,0
0,0,0,0,0,0.999914,1,0,0.997272,0,1,1,0
0.000005,0.748941,0.999702,0,0.006703,0.000006,0.200323,0,1,1,0.997126,0.000065,0
0.000001,0.977269,0.999979,0,0.000183,0,0.300133,0,1,1,0.999668,0.000003,1
0.000009,0.61338,0.997263,0,0.000111,0,0.996956,0,1,1,0.998182,0.000003,0
0,0.000634,0.026465,0,0,0.001424,1,0,1,0.985864,0.999981,1,0
0,0.00043,0.684108,0,0,0.116437,1,0,1,0.001946,1,1,1
0,0.000004,0.000664,0,0.000062,0.001022,1,0,1,0.999999,0.993917,1,0
0,0.000242,0,0,0,0.000101,1,0,1,0.580139,1,1,0
0,0.000018,0.996201,0,0.999922,0.015155,0.0351,0,1,1,0.935916,0.13448,0
0.000055,0.000002,0.747399,0,0.999633,0.000003,0.987063,0,1,1,0.968835,0.000007,1
0.999183,0,0.405801,0,1,0.999955,1,0,0.517775,0.000487,0.998396,0.007345,0
0,0,0,0,0,0.999699,1,0,0.999595,0,1,1,0
0,0,0,0,0,1,1,0.997953,0,0,1,1,0
0,0,0,0,0.988898,1,1,0,0.1108,0.00441,1,1,1
0,0,0,0,0.999966,1,1,0,0.000001,0,1,1,1
0,0,0,0,0,0.999997,1,0,0.999992,0.009538,1,1,1
0,0,1,0,0.741687,0.998844,0.016575,0,1,1,0.013701,0.998896,0
0,0,0,0,0,0.99982,1,0,0.998662,0.000171,0.999999,1,0
0,0,0,0,0.000003,0.999954,1,0,0.999837,0.000049,1,1,0
0,0,0.897819,0,0,1,1,0,1,0.907306,0.999678,1,0
0.000043,0,0.597086,0,1,0.339239,0.868721,0,1,1,0.778357,0.050478,0
0,0,0,0,0,0.99975,1,0,0.999986,0.000001,1,1,0
0,0,0,0,0,1,1,1,0,0,1,1,1
0,0,0.000044,0,0,1,1,0,0.988357,0.10103,0.99967,1,0
0,0,0,0,0,0.999977,1,0,0.997495,0,1,1,0
0,0.999565,0.999998,0,0,0,0.090164,0,1,1,0.999859,0,0
0,0.005198,0.997172,0,0,0.000052,1,0,1,0.96499,0.999988,1,1
0.000517,0,0.514218,0,0.999992,0.00018,0.953238,0,1,1,0.961965,0,0
0,0,1,0,1,1,0.000159,0,0.999998,1,0.000021,1,1
0,0,0,0,0,1,1,0,0.999271,0,1,1,1
0,0,0.000005,0,0,1,1,0,0.999975,0.000148,1,1,1
0,0,1,0,0.000099,0.999871,0.92284,0,1,0.999999,0.153701,0.980893,1
0,0,0.000004,0,0,0.999999,1,0,0.999996,0.000147,1,1,0
0.00006,0,0.999969,0,0.002855,0,0.999998,0,1,1,0.940851,0.000006,1
0,0,1,0,0.000028,0.649778,0.091623,0,1,1,0.533523,0.042669,1
0,0.000001,0,0,0,0.998976,1,0,0.935509,0,1,1,0
0,0,0,0,0.000028,1,1,0,0.999982,0.591434,0.999999,1,0
0,0,0,0,0.000026,1,1,0,0.192593,0,1,1,0
0,0.000001,0.99978,0,0.962535,0.154921,0.033375,0,1,1,0.323891,0.820439,0
0,1,1,0,0,0,1,0,1,0.999995,1,1,0
0,0.000816,0,0,0,0.976677,1,0,1,0,1,1,0
0.000014,1,0.999992,0,0,0,0.999999,0,1,1,0.999997,0,0
0.000088,0,0.006102,0,1,1,0.108645,0,0.999999,1,0.091119,0.081356,1
0.000297,0,0.364486,0,0.99995,0.00002,0.818156,0,1,1,0.914543,0,1
0,0.175773,0.999693,0,0.060999,0,0.912887,0,1,0.99999,0.993756,0.165174,0
0.000002,0.000004,0.991993,0,0.999997,0.397023,0.976838,0,1,0.999968,0.982938,0.228036,1
0,0.000001,0,0,0,0.999999,1,0.061737,0.000036,0,1,1,0
0,0.001072,0.999816,0,0,0.010346,1,0,1,0.920987,0.998487,1,0
0,0,1,0,0.999103,1,0.041463,0,1,1,0.01859,1,1
0,0,0.127866,0,0,0.999575,1,0,1,0.000001,1,1,0
0,0.000421,0.997533,0,0.978514,0.000023,0.003976,0,1,1,0.921609,0.02295,1
0.994776,0,0.000005,0,0.999861,0,0.995845,0,1,1,0.076138,0,0
0,0,0,0,0,1,1,0,0.799134,0,1,1,0
0.000003,0,0.308946,0,1,0.951298,0.005793,0,1,1,0.214945,0.130915,0
0.000001,0,0.999994,0,0.983317,0.990106,0.946666,0,1,0.999997,0.244402,0.944175,0
0,0,0,0,0.000002,1,1,0,0.054425,0,1,1,0
0,0,0,0,0,0.999996,1,0,0.999879,0,1,1,1
0,0.19388,0.998143,0,0.007582,0,0.004159,0,1,1,0.97386,0.000041,0
0,0.378081,0.999997,0,0.001183,0,0.00022,0,1,1,0.998896,0.000007,1
0,0,0.000842,0,0,0.999995,1,0,1,0.005417,0.999998,1,0
0,0,0.00015,0,0,1,1,0,0.99974,0.000001,1,1,1
0.000001,0.010169,0.982292,0,0.542026,0.000006,0.17826,0,1,1,0.907463,0.014524,0
0,0,0,0,0,1,1,0.999859,0,0,1,1,1
0,0,0,0,0.991053,1,1,0,0.946089,0.021376,1,1,1
0.996355,0,0.015925,0,1,1,1,0,0.011909,0.011106,0.923214,0.574596,0
0,0.000125,0,0,0,0.120044,1,0,1,0.000009,1,1,0
0,0.07993,0.999989,0,0.47203,0.000005,0.596942,0,1,0.999997,0.998937,0.123105,0
0,0,0,0,0,0.99999,1,0,0.995305,0,1,1,0
0,0,1,0,0.000062,0.074401,0.606127,0,1,1,0.12437,0.053385,1
0,0,1,0,0.99346,0.810687,0.912002,0,1,1,0.017541,0.582899,1
0.999916,0,0.070282,0,1,1,1,0,0.16317,0.000061,0.999281,0.016639,0
0,0.000001,0,0,0,0.873683,1,0,1,0.185837,1,1,0
0,0.006371,1,0,0,0.000077,0.000619,0,1,1,0.826117,0.996548,0
1,0,0.000001,0,1,1,0.999963,0.000497,0,0.998742,0.072002,0.000065,1
0,0,0,0,0,1,1,0.998172,0,0,1,1,0
0.000036,0,0.824102,0,1,0.073315,0.89528,0,1,1,0.964354,0.000038,1
0,0.000002,0,0,0,0.999632,1,0,0.999932,0,1,1,1
0,0,0,0,0,1,1,0.997629,0,0,1,1,0
0,0,0.999982,0,0.000133,0.597445,0.999736,0,1,1,0.828292,0.999991,0
0.000022,0.008609,1,0,0,0,0.992883,0,1,1,0.983821,0.000002,0
0,0,0,0,0,1,1,0,0.347784,0,1,1,0
0,0.000801,1,0,0,0,0.997162,0,1,1,0.977289,0.007043,1
0,0.347795,1,0,0,0,0.001504,0,1,1,0.853159,0.070953,0
0,0,0,0,0,1,1,0,0.806716,0,1,1,0
0,0,0,0,0.000314,1,1,0,0.859555,0.000297,1,1,1
0,0.000006,0.000139,0,0,0.007684,1,0,1,0.014635,1,1,0
0,0.897341,0.999424,0,0.000001,0,0.615106,0,1,1,0.993002,0.000063,0
0,0,1,0,0,0.281343,0.123319,0,1,1,0.232637,0.997326,0
0,0,0,0,0,0.999829,1,0,0.999876,0,1,1,0
0,0,1,0,0.992958,0.999671,0.000017,0,1,1,0.002171,0.999882,0
0,0,0.006778,0,1,0.999828,0.000003,0,1,1,0.00284,0.492552,0
0.000001,0.007959,0.997566,0,0.930678,0.000272,0.780618,0,1,0.999982,0.980718,0.128907,0
0,0,0.000007,0,0.00002,0.991754,1,0,1,0.996403,0.999942,1,1
0,0.009854,0.999548,0,0.681149,0.0001,0.000005,0,1,1,0.882117,0.009336,1
0,0,0,0,0.000975,1,1,0,0.999995,0.075249,0.999998,1,1
0,0,0,0,0,1,1,0,0.360645,0,1,1,0
0.000156,0.044291,0.845206,0,0.00074,0,0.999405,0,1,1,0.987008,0.000001,0
0,0,1,0,0.000002,0.938428,0.210953,0,1,0.999995,0.438511,0.9976,0
0,0,0,0,0,0.999915,1,0,0.999997,0.623743,0.999998,1,0
0,0.991813,1,0,0,0,0.688512,0,1,0.999999,0.996704,0.002192,0
0,0.000079,0,0,0,0.995475,1,0,0.999791,0,1,1,0
0,0.957286,0.999938,0,0.00001,0,0.999198,0,1,0.999999,0.999594,0.000533,1
0,0.000003,0,0,0,0.955471,1,0,1,0,1,1,1
0,0,0,0,0.000053,0.999992,1,0,0.993246,0.000002,1,1,0
0,0,0,0,0.000006,0.999955,1,0,0.997898,0.000015,1,1,0
0,0.007052,0.998698,0,0.126465,0,0.056729,0,1,1,0.991934,0.000005,1
0,0,0,0,0,1,1,0,1,0.000088,1,1,0
0,0.000509,0.001462,0,0,0.008568,1,0,1,0.043831,1,1,0
0,0,1,0,0.000061,0.998964,0.000106,0,1,1,0.019701,0.999999,1
0,0.000298,1,0,0,0.000241,1,0,1,0.138817,0.999984,1,0
0,0,0,0,0.392738,1,1,0,0.000657,0,1,1,1
0.35312,0,0.004178,0,1,0.878522,0.999776,0,1,1,0.744138,0.000013,1
0,0,0.952334,0,1,0.560502,0.004243,0,1,1,0.68948,0.175188,1
0,0,0.98026,0,0,0.999868,1,0,1,0.915323,0.999722,1,0
0,0,1,0,0.415033,0.998016,0.008085,0,1,1,0.03872,0.986496,0
0,0,0,0,0,1,1,0.999731,0,0,1,1,1
0,0,1,0,0.927241,0.999968,0.209966,0,1,1,0.046944,0.512381,1
0,0,0.000052,0,0,0.986957,1,0,1,0.24108,0.999999,1,1
0,0,1,0,0.000016,0.998649,0.000168,0,1,1,0.006693,0.98676,0
0.00001,0.002359,0.981369,0,0.127147,0,0.999994,0,1,1,0.998011,0.000049,1
0,0.303536,0.999921,0,0.008764,0,0.117376,0,1,1,0.99115,0.120248,0
0.000488,0,0.125041,0,1,0.000004,0.999942,0,1,1,0.973398,0,1
0,0,1,0,0.000021,0.923367,0.975732,0,1,0.999981,0.68114,0.999999,0
0,0,1,0,0.99951,1,0.846254,0,1,1,0.389556,0.919284,1
0.000022,0.619091,0.99842,0,0.00488,0.000001,0.284556,0,1,1,0.993565,0.000028,0
0,0.000001,0,0,0,0.427127,1,0,0.999966,0,1,1,0
0,0,1,0,0.066011,0.991282,0.028422,0,1,1,0.130353,0.998924,0
0,0,0,0,0,0.999907,1,0,0.999956,0.019033,1,1,0
0.001529,0.000002,0.517377,0,0.999776,0.000002,0.999986,0,1,1,0.981876,0.000131,1
0,0,1,0,0.000001,0.443056,0.000829,0,1,1,0.041334,0.99957,0
